S.no,Route_name,Route_link
1,Hyderabad to Vijayawada,https://www.redbus.in/bus-tickets/hyderabad-to-vijayawada
2,Vijayawada to Hyderabad,https://www.redbus.in/bus-tickets/vijayawada-to-hyderabad
3,Hyderabad to Ongole,https://www.redbus.in/bus-tickets/hyderabad-to-ongole
4,Kakinada to Visakhapatnam,https://www.redbus.in/bus-tickets/kakinada-to-visakhapatnam
5,Bangalore to Tirupati,https://www.redbus.in/bus-tickets/bangalore-to-tirupathi
6,Bangalore to Kadapa,https://www.redbus.in/bus-tickets/bangalore-to-kadapa
7,Ongole to Hyderabad,https://www.redbus.in/bus-tickets/ongole-to-hyderabad
8,Kadapa to Bangalore,https://www.redbus.in/bus-tickets/kadapa-to-bangalore
9,Chittoor (Andhra Pradesh) to Bangalore,https://www.redbus.in/bus-tickets/chittoor-andhra-pradesh-to-bangalore
10,Visakhapatnam to Kakinada,https://www.redbus.in/bus-tickets/visakhapatnam-to-kakinada
11,Bangalore to Anantapur (andhra pradesh),https://www.redbus.in/bus-tickets/bangalore-to-ananthapur
12,Bangalore to Chittoor (Andhra Pradesh),https://www.redbus.in/bus-tickets/bangalore-to-chittoor-andhra-pradesh
13,Anantapur (andhra pradesh) to Bangalore,https://www.redbus.in/bus-tickets/ananthapur-to-bangalore
14,Hyderabad to Kurnool,https://www.redbus.in/bus-tickets/hyderabad-to-kurnool
15,Tirupati to Bangalore,https://www.redbus.in/bus-tickets/tirupathi-to-bangalore
16,Narasaraopet to Hyderabad,https://www.redbus.in/bus-tickets/narsaraopet-to-hyderabad
17,Vinukonda to Hyderabad,https://www.redbus.in/bus-tickets/vinukonda-to-hyderabad
18,Hyderabad to Vinukonda,https://www.redbus.in/bus-tickets/hyderabad-to-vinukonda
19,Visakhapatnam to Vijayawada,https://www.redbus.in/bus-tickets/visakhapatnam-to-vijayawada
20,Bangalore to Rayachoti,https://www.redbus.in/bus-tickets/bangalore-to-rayachoti
21,Hyderabad to Guntur (Andhra Pradesh),https://www.redbus.in/bus-tickets/hyderabad-to-guntur
22,Guntur (Andhra Pradesh) to Hyderabad,https://www.redbus.in/bus-tickets/guntur-to-hyderabad
23,Hyderabad to Eluru,https://www.redbus.in/bus-tickets/hyderabad-to-eluru
24,Eluru to Hyderabad,https://www.redbus.in/bus-tickets/eluru-to-hyderabad
25,Bangalore to Kadiri,https://www.redbus.in/bus-tickets/bangalore-to-kadiri
26,Madanapalli to Bangalore,https://www.redbus.in/bus-tickets/madanapalli-to-bangalore
27,Bangalore to Madanapalli,https://www.redbus.in/bus-tickets/bangalore-to-madanapalli
28,Macherla (andhra pradesh) to Hyderabad,https://www.redbus.in/bus-tickets/macherla-to-hyderabad
29,Rajahmundry to Visakhapatnam,https://www.redbus.in/bus-tickets/rajahmundry-to-visakhapatnam
30,Nandyal to Hyderabad,https://www.redbus.in/bus-tickets/nandyala-to-hyderabad
31,Rayachoti to Bangalore,https://www.redbus.in/bus-tickets/rayachoti-to-bangalore
32,Kurnool to Hyderabad,https://www.redbus.in/bus-tickets/kurnool-to-hyderabad
33,Kadiri to Bangalore,https://www.redbus.in/bus-tickets/kadiri-to-bangalore
34,Visakhapatnam to Rajahmundry,https://www.redbus.in/bus-tickets/visakhapatnam-to-rajahmundry
35,Hyderabad to Addanki,https://www.redbus.in/bus-tickets/hyderabad-to-addanki
36,Hyderabad to Anantapur (andhra pradesh),https://www.redbus.in/bus-tickets/hyderabad-to-ananthapur
37,Hyderabad to Markapuram,https://www.redbus.in/bus-tickets/hyderabad-to-markapuram
38,Rajahmundry to Vijayawada,https://www.redbus.in/bus-tickets/rajahmundry-to-vijayawada
39,Tirupati to Chennai,https://www.redbus.in/bus-tickets/tirupathi-to-chennai
40,Vijayawada to Visakhapatnam,https://www.redbus.in/bus-tickets/vijayawada-to-visakhapatnam
41,Hyderabad to Macherla (andhra pradesh),https://www.redbus.in/bus-tickets/hyderabad-to-macherla
42,Hyderabad to Rajahmundry,https://www.redbus.in/bus-tickets/hyderabad-to-rajahmundry
43,Chilakaluripet to Hyderabad,https://www.redbus.in/bus-tickets/chilakaluripet-to-hyderabad
44,Rajahmundry to Hyderabad,https://www.redbus.in/bus-tickets/rajahmundry-to-hyderabad
45,Kurnool to Bangalore,https://www.redbus.in/bus-tickets/kurnool-to-bangalore
46,Hyderabad to Nandyal,https://www.redbus.in/bus-tickets/hyderabad-to-nandyala
47,Bangalore to Kozhikode,https://www.redbus.in/bus-tickets/bangalore-to-kozhikode
48,Kozhikode to Bangalore,https://www.redbus.in/bus-tickets/kozhikode-to-bangalore
49,Kozhikode to Ernakulam,https://www.redbus.in/bus-tickets/kozhikode-to-ernakulam
50,Ernakulam to Kozhikode,https://www.redbus.in/bus-tickets/ernakulam-to-kozhikode
51,Bangalore to Kannur,https://www.redbus.in/bus-tickets/bangalore-to-kannur
52,Kozhikode to Mysore,https://www.redbus.in/bus-tickets/kozhikode-to-mysore
53,Kannur to Bangalore,https://www.redbus.in/bus-tickets/kannur-to-bangalore
54,Kozhikode to Thiruvananthapuram,https://www.redbus.in/bus-tickets/kozhikode-to-thiruvananthapuram
55,Mysore to Kozhikode,https://www.redbus.in/bus-tickets/mysore-to-kozhikode
56,Bangalore to Kalpetta (kerala),https://www.redbus.in/bus-tickets/bangalore-to-kalpetta
57,Kalpetta (kerala) to Bangalore,https://www.redbus.in/bus-tickets/kalpetta-to-bangalore
58,Thiruvananthapuram to Kozhikode,https://www.redbus.in/bus-tickets/thiruvananthapuram-to-kozhikode
59,Kozhikode to Thrissur,https://www.redbus.in/bus-tickets/kozhikode-to-thrissur
60,Kozhikode to Kottayam,https://www.redbus.in/bus-tickets/kozhikode-to-kottayam
61,Kottayam to Kozhikode,https://www.redbus.in/bus-tickets/kottayam-to-kozhikode
62,Tezpur to Guwahati,https://www.redbus.in/bus-tickets/tezpur-to-guwahati
63,Guwahati to Tezpur,https://www.redbus.in/bus-tickets/guwahati-to-tezpur
64,Guwahati to Nagaon (Assam),https://www.redbus.in/bus-tickets/guwahati-to-nagaon
65,Nagaon (Assam) to Guwahati,https://www.redbus.in/bus-tickets/nagaon-to-guwahati
66,Goalpara to Guwahati,https://www.redbus.in/bus-tickets/goalpara-to-guwahati
67,Jorhat to North Lakhimpur,https://www.redbus.in/bus-tickets/jorhat-to-north-lakhimpur
68,Dhubri to Guwahati,https://www.redbus.in/bus-tickets/dhubri-to-guwahati
69,Jorhat to Dibrugarh,https://www.redbus.in/bus-tickets/jorhat-to-dibrugarh
70,North Lakhimpur to Jorhat,https://www.redbus.in/bus-tickets/north-lakhimpur-to-jorhat
71,North Lakhimpur to Sibsagar,https://www.redbus.in/bus-tickets/north-lakhimpur-to-sibsagar
72,Guwahati to Dhubri,https://www.redbus.in/bus-tickets/guwahati-to-dhubri
73,Dhekiajuli to Guwahati,https://www.redbus.in/bus-tickets/dhekiajuli-to-guwahati
74,Sibsagar to North Lakhimpur,https://www.redbus.in/bus-tickets/sibsagar-to-north-lakhimpur
75,Dibrugarh to Jorhat,https://www.redbus.in/bus-tickets/dibrugarh-to-jorhat
76,Jorhat to Dhemaji,https://www.redbus.in/bus-tickets/jorhat-to-dhemaji
77,Jorhat to Tinsukia,https://www.redbus.in/bus-tickets/jorhat-to-tinsukia
78,Tezpur to Dibrugarh,https://www.redbus.in/bus-tickets/tezpur-to-dibrugarh
79,Dhemaji to Jorhat,https://www.redbus.in/bus-tickets/dhemaji-to-jorhat
80,North Lakhimpur to Tezpur,https://www.redbus.in/bus-tickets/north-lakhimpur-to-tezpur
81,Guwahati to Biswanath Charali,https://www.redbus.in/bus-tickets/guwahati-to-biswanath-charali
82,North Lakhimpur to Dibrugarh,https://www.redbus.in/bus-tickets/north-lakhimpur-to-dibrugarh
83,Tinsukia to Jorhat,https://www.redbus.in/bus-tickets/tinsukia-to-jorhat
84,Tezpur to North Lakhimpur,https://www.redbus.in/bus-tickets/tezpur-to-north-lakhimpur
85,North Lakhimpur to Moran,https://www.redbus.in/bus-tickets/north-lakhimpur-to-moran
86,Guwahati to Gohpur,https://www.redbus.in/bus-tickets/guwahati-to-gohpur
87,Guwahati to Kaliabor,https://www.redbus.in/bus-tickets/guwahati-to-kaliabor
88,Guwahati to Tumuki (Tezpur Medical),https://www.redbus.in/bus-tickets/guwahati-to-tumuki-tezpur-medical
89,Dibrugarh to Tezpur,https://www.redbus.in/bus-tickets/dibrugarh-to-tezpur
90,Biswanath Charali to Guwahati,https://www.redbus.in/bus-tickets/biswanath-charali-to-guwahati
91,Dibrugarh to North Lakhimpur,https://www.redbus.in/bus-tickets/dibrugarh-to-north-lakhimpur
92,Moran to North Lakhimpur,https://www.redbus.in/bus-tickets/moran-to-north-lakhimpur
93,Tumuki (Tezpur Medical) to Guwahati,https://www.redbus.in/bus-tickets/tumuki-tezpur-medical-to-guwahati
94,Biswanath Charali to Dibrugarh,https://www.redbus.in/bus-tickets/biswanath-charali-to-dibrugarh
95,Gohpur to Guwahati,https://www.redbus.in/bus-tickets/gohpur-to-guwahati
96,Sibsagar to Dhemaji,https://www.redbus.in/bus-tickets/sibsagar-to-dhemaji
97,North Lakhimpur to Guwahati,https://www.redbus.in/bus-tickets/north-lakhimpur-to-guwahati
98,Haflong to Guwahati,https://www.redbus.in/bus-tickets/haflong-to-guwahati
99,Tezpur to Moran,https://www.redbus.in/bus-tickets/tezpur-to-moran
100,Moran to Tezpur,https://www.redbus.in/bus-tickets/moran-to-tezpur
101,Bokakhat to Dibrugarh,https://www.redbus.in/bus-tickets/bokakhat-to-dibrugarh
102,North Lakhimpur to Nagaon (Assam),https://www.redbus.in/bus-tickets/north-lakhimpur-to-nagaon
103,Bihpuria to Dibrugarh,https://www.redbus.in/bus-tickets/bihpuria-to-dibrugarh
104,Haflong to Nagaon (Assam),https://www.redbus.in/bus-tickets/haflong-to-nagaon
105,Guwahati to Golaghat,https://www.redbus.in/bus-tickets/guwahati-to-golaghat
106,Jorhat to Gogamukh,https://www.redbus.in/bus-tickets/jorhat-to-gogamukh
107,Dibrugarh to Biswanath Charali,https://www.redbus.in/bus-tickets/dibrugarh-to-biswanath-charali
108,Golaghat to North Lakhimpur,https://www.redbus.in/bus-tickets/golaghat-to-north-lakhimpur
109,Pune to Goa,https://www.redbus.in/bus-tickets/pune-to-goa
110,Goa to Pune,https://www.redbus.in/bus-tickets/goa-to-pune
111,Mumbai to Goa,https://www.redbus.in/bus-tickets/mumbai-to-goa
112,Bangalore to Goa,https://www.redbus.in/bus-tickets/bangalore-to-goa
113,Goa to Bangalore,https://www.redbus.in/bus-tickets/goa-to-bangalore
114,Goa to Mumbai,https://www.redbus.in/bus-tickets/goa-to-mumbai
115,Pandharpur to Goa,https://www.redbus.in/bus-tickets/pandharpur-to-goa
116,Goa to Pandharpur,https://www.redbus.in/bus-tickets/goa-to-pandharpur
117,Solapur to Goa,https://www.redbus.in/bus-tickets/solapur-to-goa
118,Calangute (goa) to Goa Airport,https://www.redbus.in/bus-tickets/calangute-goa-to-goa-airport
119,Goa to Kolhapur(Maharashtra),https://www.redbus.in/bus-tickets/goa-to-kolhapur-maharashtra
120,Goa to Solapur,https://www.redbus.in/bus-tickets/goa-to-solapur
121,Goa to Sangli,https://www.redbus.in/bus-tickets/goa-to-sangli
122,Goa Airport to Calangute (goa),https://www.redbus.in/bus-tickets/goa-airport-to-calangute-goa
123,Goa to Sangola (Solapur),https://www.redbus.in/bus-tickets/goa-to-sangola
124,Sangola (Solapur) to Goa,https://www.redbus.in/bus-tickets/sangola-to-goa
125,Mopa Airport to Calangute (goa),https://www.redbus.in/bus-tickets/mopa-airport-to-calangute-goa
126,Calangute (goa) to Mopa Airport,https://www.redbus.in/bus-tickets/calangute-goa-to-mopa-airport
127,Goa to Mopa Airport,https://www.redbus.in/bus-tickets/goa-to-mopa-airport
128,Goa to Miraj,https://www.redbus.in/bus-tickets/goa-to-miraj
129,Panaji to Goa Airport,https://www.redbus.in/bus-tickets/panaji-to-goa-airport
130,Mopa Airport to Goa,https://www.redbus.in/bus-tickets/mopa-airport-to-goa
131,Shivamogga to Goa,https://www.redbus.in/bus-tickets/shimoga-to-goa
132,Margao to Mopa Airport,https://www.redbus.in/bus-tickets/margoa-to-mopa-airport
133,Goa Airport to Goa,https://www.redbus.in/bus-tickets/goa-airport-to-goa
134,Goa to Satara,https://www.redbus.in/bus-tickets/goa-to-satara
135,Goa to Goa Airport,https://www.redbus.in/bus-tickets/goa-to-goa-airport
136,Goa Airport to Panaji,https://www.redbus.in/bus-tickets/goa-airport-to-panaji
137,Goa to Shirdi,https://www.redbus.in/bus-tickets/goa-to-shirdi
138,Calangute (goa) to Panaji,https://www.redbus.in/bus-tickets/calangute-goa-to-panaji
139,Mopa Airport to Margao,https://www.redbus.in/bus-tickets/mopa-airport-to-margoa
140,Goa to Shivamogga,https://www.redbus.in/bus-tickets/goa-to-shimoga
141,Calangute (goa) to Goa,https://www.redbus.in/bus-tickets/calangute-goa-to-goa
142,Belagavi to Goa,https://www.redbus.in/bus-tickets/belagavi-to-goa
143,Delhi to Shimla,https://www.redbus.in/bus-tickets/delhi-to-shimla
144,Chandigarh to Hamirpur (Himachal Pradesh),https://www.redbus.in/bus-tickets/chandigarh-to-hamirpur-himachal-pradesh
145,Hamirpur (Himachal Pradesh) to Chandigarh,https://www.redbus.in/bus-tickets/hamirpur-himachal-pradesh-to-chandigarh
146,Shimla to Delhi,https://www.redbus.in/bus-tickets/shimla-to-delhi
147,Delhi to Chandigarh,https://www.redbus.in/bus-tickets/delhi-to-chandigarh
148,Hamirpur (Himachal Pradesh) to Delhi,https://www.redbus.in/bus-tickets/hamirpur-himachal-pradesh-to-delhi
149,Chamba (Himachal Pradesh) to Chandigarh,https://www.redbus.in/bus-tickets/chamba-himachal-pradesh-to-chandigarh
150,Delhi to Hamirpur (Himachal Pradesh),https://www.redbus.in/bus-tickets/delhi-to-hamirpur-himachal-pradesh
151,Chandigarh to Dharamshala (Himachal Pradesh),https://www.redbus.in/bus-tickets/chandigarh-to-dharamshala
152,Delhi to Chamba (Himachal Pradesh),https://www.redbus.in/bus-tickets/delhi-to-chamba-himachal-pradesh
153,Chamba (Himachal Pradesh) to Delhi,https://www.redbus.in/bus-tickets/chamba-himachal-pradesh-to-delhi
154,Kangra to Chandigarh,https://www.redbus.in/bus-tickets/kangra-to-chandigarh
155,Shimla to Chandigarh,https://www.redbus.in/bus-tickets/shimla-to-chandigarh
156,Delhi to Baddi (Himachal Pradesh),https://www.redbus.in/bus-tickets/delhi-to-baddi-himachal-pradesh
157,Delhi to Solan,https://www.redbus.in/bus-tickets/delhi-to-solan
158,Delhi to Nalagarh,https://www.redbus.in/bus-tickets/delhi-to-nalagarh
159,Dharamshala (Himachal Pradesh) to Chandigarh,https://www.redbus.in/bus-tickets/dharamshala-to-chandigarh
160,Palampur to Chandigarh,https://www.redbus.in/bus-tickets/palampur-to-chandigarh
161,Ghumarwin to Delhi,https://www.redbus.in/bus-tickets/ghumarwin-to-delhi
162,Chandigarh to Kangra,https://www.redbus.in/bus-tickets/chandigarh-to-kangra
163,Baddi (Himachal Pradesh) to Delhi,https://www.redbus.in/bus-tickets/baddi-himachal-pradesh-to-delhi
164,Manali to Chandigarh,https://www.redbus.in/bus-tickets/manali-to-chandigarh
165,Solan to Delhi,https://www.redbus.in/bus-tickets/solan-to-delhi
166,Chandigarh to Manali,https://www.redbus.in/bus-tickets/chandigarh-to-manali
167,Delhi to Sarkaghat,https://www.redbus.in/bus-tickets/delhi-to-sarkaghat
168,Ghumarwin to Chandigarh,https://www.redbus.in/bus-tickets/ghumarwin-to-chandigarh
169,Chandigarh to Kullu,https://www.redbus.in/bus-tickets/chandigarh-to-kullu
170,Delhi to Bilaspur (Himachal Pradesh),https://www.redbus.in/bus-tickets/delhi-to-bilaspur-himachal-pradesh
171,Delhi to Ghumarwin,https://www.redbus.in/bus-tickets/delhi-to-ghumarwin
172,Chamba (Himachal Pradesh) to Shimla,https://www.redbus.in/bus-tickets/chamba-himachal-pradesh-to-shimla
173,Delhi to Palampur,https://www.redbus.in/bus-tickets/delhi-to-palampur
174,Chandigarh to Reckong Peo (Himachal Pradesh),https://www.redbus.in/bus-tickets/chandigarh-to-reckong-peo-himachal-pradesh
175,Bilaspur (Himachal Pradesh) to Delhi,https://www.redbus.in/bus-tickets/bilaspur-himachal-pradesh-to-delhi
176,Sarkaghat to Delhi,https://www.redbus.in/bus-tickets/sarkaghat-to-delhi
177,Manali to Delhi,https://www.redbus.in/bus-tickets/manali-to-delhi
178,Udaipur to Jodhpur,https://www.redbus.in/bus-tickets/udaipur-to-jodhpur
179,Jodhpur to Ajmer,https://www.redbus.in/bus-tickets/jodhpur-to-ajmer
180,Beawar (Rajasthan) to Jaipur (Rajasthan),https://www.redbus.in/bus-tickets/beawer-to-jaipur
181,Sikar to Jaipur (Rajasthan),https://www.redbus.in/bus-tickets/sikar-to-jaipur
182,Jaipur (Rajasthan) to Jodhpur,https://www.redbus.in/bus-tickets/jaipur-to-jodhpur
183,Aligarh (uttar pradesh) to Jaipur (Rajasthan),https://www.redbus.in/bus-tickets/aligarh-uttar-pradesh-to-jaipur
184,Jaipur (Rajasthan) to Aligarh (uttar pradesh),https://www.redbus.in/bus-tickets/jaipur-to-aligarh-uttar-pradesh
185,Jodhpur to Beawar (Rajasthan),https://www.redbus.in/bus-tickets/jodhpur-to-beawer
186,Jaipur (Rajasthan) to Pilani,https://www.redbus.in/bus-tickets/jaipur-to-pilani
187,Kishangarh to Jaipur (Rajasthan),https://www.redbus.in/bus-tickets/kishangarh-to-jaipur
188,Pali (Rajasthan) to Udaipur,https://www.redbus.in/bus-tickets/pali-to-udaipur
189,Udaipur to Pali (Rajasthan),https://www.redbus.in/bus-tickets/udaipur-to-pali-rajasthan
190,Kota(Rajasthan) to Udaipur,https://www.redbus.in/bus-tickets/kota-rajasthan-to-udaipur
191,Jaipur (Rajasthan) to Bhilwara,https://www.redbus.in/bus-tickets/jaipur-to-bhilwara
192,Sikar to Bikaner,https://www.redbus.in/bus-tickets/sikar-to-bikaner
193,Jaipur (Rajasthan) to Bharatpur,https://www.redbus.in/bus-tickets/jaipur-to-bharatpur
194,Jaipur (Rajasthan) to Mathura,https://www.redbus.in/bus-tickets/jaipur-to-mathura
195,Jaipur (Rajasthan) to Kota(Rajasthan),https://www.redbus.in/bus-tickets/jaipur-to-kota-rajasthan
196,Durgapur to Calcutta,https://www.redbus.in/bus-tickets/durgapur-to-kolkata
197,Kolkata to Burdwan,https://www.redbus.in/bus-tickets/kolkata-to-burdwan
198,Haldia to Calcutta,https://www.redbus.in/bus-tickets/haldia-to-kolkata
199,Kolkata to Haldia,https://www.redbus.in/bus-tickets/kolkata-to-haldia
200,Kolkata to Durgapur (West Bengal),https://www.redbus.in/bus-tickets/kolkata-to-durgapur
201,Kolkata to Arambagh (West Bengal),https://www.redbus.in/bus-tickets/kolkata-to-arambagh-west-bengal
202,Midnapore to Kolkata,https://www.redbus.in/bus-tickets/midnapore-to-kolkata
203,Kolkata to Digha,https://www.redbus.in/bus-tickets/kolkata-to-digha
204,Digha to Calcutta,https://www.redbus.in/bus-tickets/digha-to-kolkata
205,Kolkata to Bankura,https://www.redbus.in/bus-tickets/kolkata-to-bankura
206,Kolkata to Midnapore,https://www.redbus.in/bus-tickets/kolkata-to-midnapore
207,Kolkata to Asansol (West Bengal),https://www.redbus.in/bus-tickets/kolkata-to-asansol
208,Kolkata to Nimtouri,https://www.redbus.in/bus-tickets/kolkata-to-nimtouri
209,Jhargram to Kolkata,https://www.redbus.in/bus-tickets/jhargram-to-kolkata
210,Kolkata to Contai (Kanthi),https://www.redbus.in/bus-tickets/kolkata-to-contai-kanthi
211,Kolkata to Kolaghat,https://www.redbus.in/bus-tickets/kolkata-to-kolaghat
212,Kolkata to Nandakumar (west bengal),https://www.redbus.in/bus-tickets/kolkata-to-nandakumar
213,Kolkata to Mecheda (West Bengal),https://www.redbus.in/bus-tickets/kolkata-to-mecheda-west-bengal
214,Digha to Durgapur (West Bengal),https://www.redbus.in/bus-tickets/digha-to-durgapur
215,Midnapore to Barasat (West Bengal),https://www.redbus.in/bus-tickets/midnapore-to-barasat-west-bengal
216,Durgapur (West Bengal) to Digha,https://www.redbus.in/bus-tickets/durgapur-to-digha
217,Kolkata to Chandipur (West Bengal),https://www.redbus.in/bus-tickets/kolkata-to-chandipur-west-bengal
218,Barasat (West Bengal) to Midnapore,https://www.redbus.in/bus-tickets/barasat-west-bengal-to-midnapore
219,Kolkata to Debra,https://www.redbus.in/bus-tickets/kolkata-to-debra
220,Kirnahar (West Bengal) to Kolkata,https://www.redbus.in/bus-tickets/kirnahar-west-bengal-to-kolkata
221,Kolkata to Panskura,https://www.redbus.in/bus-tickets/kolkata-to-panskura
222,Kolkata to Heria,https://www.redbus.in/bus-tickets/kolkata-to-heria
223,Digha to Barasat (West Bengal),https://www.redbus.in/bus-tickets/digha-to-barasat-west-bengal
224,Illambazar to Kolkata,https://www.redbus.in/bus-tickets/illambazar-to-kolkata
225,Kolkata to Suri,https://www.redbus.in/bus-tickets/kolkata-to-suri
226,Berhampore (West Bengal) to Durgapur (West Bengal),https://www.redbus.in/bus-tickets/berhampore-to-durgapur
227,Purulia to Durgapur (West Bengal),https://www.redbus.in/bus-tickets/purulia-to-durgapur
228,Durgapur (West Bengal) to Berhampore (West Bengal),https://www.redbus.in/bus-tickets/durgapur-to-berhampore
229,Kolkata to Futishanko,https://www.redbus.in/bus-tickets/kolkata-to-futishanko
230,Kolkata to Kirnahar (West Bengal),https://www.redbus.in/bus-tickets/kolkata-to-kirnahar-west-bengal
231,Durgapur (West Bengal) to Barasat (West Bengal),https://www.redbus.in/bus-tickets/durgapur-to-barasat-west-bengal
232,Kolkata to Ramnagar (West Bengal),https://www.redbus.in/bus-tickets/kolkata-to-ramnagar-west-bengal
233,Durgapur (West Bengal) to Purulia,https://www.redbus.in/bus-tickets/durgapur-to-purulia
234,Durgapur (West Bengal) to Bankura,https://www.redbus.in/bus-tickets/durgapur-to-bankura
235,Kolkata to Ashari,https://www.redbus.in/bus-tickets/kolkata-to-ashari
236,Barasat (West Bengal) to Digha,https://www.redbus.in/bus-tickets/barasat-west-bengal-to-digha
237,Hyderabad to Vijayawada,https://www.redbus.in/bus-tickets/hyderabad-to-vijayawada
238,Khammam to Hyderabad,https://www.redbus.in/bus-tickets/khammam-to-hyderabad
239,Hyderabad to Khammam,https://www.redbus.in/bus-tickets/hyderabad-to-khammam
240,Hyderabad to Srisailam,https://www.redbus.in/bus-tickets/hyderabad-to-srisailam
241,Karimnagar to Hyderabad,https://www.redbus.in/bus-tickets/karimnagar-to-hyderabad
242,Hyderabad to Karimnagar,https://www.redbus.in/bus-tickets/hyderabad-to-karimnagar
243,Hyderabad to Mancherial,https://www.redbus.in/bus-tickets/hyderabad-to-mancherial
244,Hyderabad to Nirmal,https://www.redbus.in/bus-tickets/hyderabad-to-nirmal
245,Hyderabad to Adilabad,https://www.redbus.in/bus-tickets/hyderabad-to-adilabad
246,Hyderabad to Ongole,https://www.redbus.in/bus-tickets/hyderabad-to-ongole
247,Kothagudem to Hyderabad,https://www.redbus.in/bus-tickets/kothagudem-to-hyderabad
248,Guntur (Andhra Pradesh) to Hyderabad,https://www.redbus.in/bus-tickets/guntur-to-hyderabad
249,Hyderabad to Guntur (Andhra Pradesh),https://www.redbus.in/bus-tickets/hyderabad-to-guntur
250,Godavarikhani to Hyderabad,https://www.redbus.in/bus-tickets/godavarikhani-to-hyderabad
251,Hyderabad to Kothagudem,https://www.redbus.in/bus-tickets/hyderabad-to-kothagudem
252,Hyderabad to Sathupally,https://www.redbus.in/bus-tickets/hyderabad-to-sathupalli
253,Hyderabad to Warangal,https://www.redbus.in/bus-tickets/hyderabad-to-warangal
254,Kodad to Hyderabad,https://www.redbus.in/bus-tickets/kodad-to-hyderabad
255,Jagityal to Hyderabad,https://www.redbus.in/bus-tickets/jagityal-to-hyderabad
256,Hyderabad to Bhadrachalam,https://www.redbus.in/bus-tickets/hyderabad-to-bhadrachalam
257,Hyderabad to Tirupati,https://www.redbus.in/bus-tickets/hyderabad-to-tirupathi
258,Hyderabad to Godavarikhani,https://www.redbus.in/bus-tickets/hyderabad-to-godavarikhani
259,Hyderabad to Armoor,https://www.redbus.in/bus-tickets/hyderabad-to-armoor
260,Hyderabad to Nandyal,https://www.redbus.in/bus-tickets/hyderabad-to-nandyala
261,Hyderabad to Kodad,https://www.redbus.in/bus-tickets/hyderabad-to-kodad
262,Hyderabad to Addanki,https://www.redbus.in/bus-tickets/hyderabad-to-addanki
263,Delhi to Bareilly,https://www.redbus.in/bus-tickets/delhi-to-bareilly
264,Bareilly to Delhi,https://www.redbus.in/bus-tickets/bareilly-to-delhi
265,Aligarh (uttar pradesh) to Delhi,https://www.redbus.in/bus-tickets/aligarh-uttar-pradesh-to-delhi
266,Delhi to Aligarh (uttar pradesh),https://www.redbus.in/bus-tickets/delhi-to-aligarh-uttar-pradesh
267,Lucknow to Allahabad,https://www.redbus.in/bus-tickets/lucknow-to-allahabad
268,Lucknow to Delhi,https://www.redbus.in/bus-tickets/lucknow-to-delhi
269,Delhi to Farrukhabad (Uttar Pradesh),https://www.redbus.in/bus-tickets/delhi-to-farrukhabad-up
270,Farrukhabad (Uttar Pradesh) to Delhi,https://www.redbus.in/bus-tickets/farrukhabad-up-to-delhi
271,Badaun to Delhi,https://www.redbus.in/bus-tickets/badaun-to-delhi
272,Allahabad to Lucknow,https://www.redbus.in/bus-tickets/allahabad-to-lucknow
273,Lucknow to Agra,https://www.redbus.in/bus-tickets/lucknow-to-agra
274,Sitapur (Uttar Pradesh) to Delhi,https://www.redbus.in/bus-tickets/sitapur-to-delhi
275,Delhi to Badaun,https://www.redbus.in/bus-tickets/delhi-to-badaun
276,Delhi to Sitapur (Uttar Pradesh),https://www.redbus.in/bus-tickets/delhi-to-sitapur
277,Agra to Delhi,https://www.redbus.in/bus-tickets/agra-to-delhi
278,Delhi to Moradabad,https://www.redbus.in/bus-tickets/delhi-to-moradabad
279,Delhi to Lucknow,https://www.redbus.in/bus-tickets/delhi-to-lucknow
280,Agra to Lucknow,https://www.redbus.in/bus-tickets/agra-to-lucknow
281,Lucknow to Varanasi,https://www.redbus.in/bus-tickets/lucknow-to-varanasi
282,Agra to Bareilly,https://www.redbus.in/bus-tickets/agra-to-bareilly
283,Lucknow to Bareilly,https://www.redbus.in/bus-tickets/lucknow-to-bareilly
284,Bareilly to Agra,https://www.redbus.in/bus-tickets/bareilly-to-agra
285,Delhi to Agra,https://www.redbus.in/bus-tickets/delhi-to-agra
286,Varanasi to Lucknow,https://www.redbus.in/bus-tickets/varanasi-to-lucknow
287,Moradabad to Delhi,https://www.redbus.in/bus-tickets/moradabad-to-delhi
288,Kanpur (Uttar Pradesh) to Jhansi,https://www.redbus.in/bus-tickets/kanpur-to-jhansi
289,Delhi to Shahjahanpur (Uttar Pradesh),https://www.redbus.in/bus-tickets/delhi-to-shahjahanpur
290,Shahjahanpur (Uttar Pradesh) to Delhi,https://www.redbus.in/bus-tickets/shahjahanpur-to-delhi
291,Gorakhpur (uttar pradesh) to Lucknow,https://www.redbus.in/bus-tickets/gorakhpur-to-lucknow
292,Kanpur (Uttar Pradesh) to Bareilly,https://www.redbus.in/bus-tickets/kanpur-to-bareilly
293,Lucknow to Aligarh (uttar pradesh),https://www.redbus.in/bus-tickets/lucknow-to-aligarh
294,Lucknow to Kanpur (Uttar Pradesh),https://www.redbus.in/bus-tickets/lucknow-to-kanpur
295,Delhi to Pilibhit,https://www.redbus.in/bus-tickets/delhi-to-pilibhit
296,Lucknow to Ballia,https://www.redbus.in/bus-tickets/lucknow-to-ballia
297,Delhi to Etah (Uttar Pradesh),https://www.redbus.in/bus-tickets/delhi-to-etah-up
298,Lucknow to Gorakhpur (uttar pradesh),https://www.redbus.in/bus-tickets/lucknow-to-gorakhpur
299,Aligarh (uttar pradesh) to Lucknow,https://www.redbus.in/bus-tickets/aligarh-to-lucknow
300,Aligarh (uttar pradesh) to Agra,https://www.redbus.in/bus-tickets/aligarh-to-agra
301,Bareilly to Dehradun,https://www.redbus.in/bus-tickets/bareilly-to-dehradun
302,Pilibhit to Delhi,https://www.redbus.in/bus-tickets/pilibhit-to-delhi
303,Bareilly to Lucknow,https://www.redbus.in/bus-tickets/bareilly-to-lucknow
304,Delhi to Dehradun,https://www.redbus.in/bus-tickets/delhi-to-dehradun
305,Varanasi to Allahabad,https://www.redbus.in/bus-tickets/varanasi-to-allahabad
306,Lucknow to Mathura,https://www.redbus.in/bus-tickets/lucknow-to-mathura
307,Jhansi to Kanpur (Uttar Pradesh),https://www.redbus.in/bus-tickets/jhansi-to-kanpur
308,Dehradun to Bareilly,https://www.redbus.in/bus-tickets/dehradun-to-bareilly
309,Kanpur (Uttar Pradesh) to Lucknow,https://www.redbus.in/bus-tickets/kanpur-to-lucknow
310,Aligarh (uttar pradesh) to Greater noida (uttar pradesh),https://www.redbus.in/bus-tickets/aligarh-to-greater-noida
311,Etah (Uttar Pradesh) to Delhi,https://www.redbus.in/bus-tickets/etah-up-to-delhi
312,Digha to Barasat (West Bengal),https://www.redbus.in/bus-tickets/digha-to-barasat-west-bengal
313,Durgapur to Calcutta,https://www.redbus.in/bus-tickets/durgapur-to-kolkata
314,Digha to Calcutta,https://www.redbus.in/bus-tickets/digha-to-kolkata
315,Kolkata to Digha,https://www.redbus.in/bus-tickets/kolkata-to-digha
316,Barasat (West Bengal) to Digha,https://www.redbus.in/bus-tickets/barasat-west-bengal-to-digha
317,Kolkata to Suri,https://www.redbus.in/bus-tickets/kolkata-to-suri
318,Barasat (West Bengal) to Midnapore,https://www.redbus.in/bus-tickets/barasat-west-bengal-to-midnapore
319,Midnapore to Kolkata,https://www.redbus.in/bus-tickets/midnapore-to-kolkata
320,Barasat (West Bengal) to Kolaghat,https://www.redbus.in/bus-tickets/barasat-west-bengal-to-kolaghat
321,Barasat (West Bengal) to Contai (Kanthi),https://www.redbus.in/bus-tickets/barasat-west-bengal-to-contai-kanthi
322,Habra to Digha,https://www.redbus.in/bus-tickets/habra-to-digha
323,Barasat (West Bengal) to Nandakumar (west bengal),https://www.redbus.in/bus-tickets/barasat-west-bengal-to-nandakumar
324,Kolkata to Durgapur (West Bengal),https://www.redbus.in/bus-tickets/kolkata-to-durgapur
325,Digha to Habra,https://www.redbus.in/bus-tickets/digha-to-habra
326,Midnapore to Barasat (West Bengal),https://www.redbus.in/bus-tickets/midnapore-to-barasat-west-bengal
327,Kolkata to Bolpur (West Bengal),https://www.redbus.in/bus-tickets/kolkata-to-bolpur-west-bengal
328,Barasat (West Bengal) to Durgapur (West Bengal),https://www.redbus.in/bus-tickets/barasat-west-bengal-to-durgapur
329,Barasat (West Bengal) to Heria,https://www.redbus.in/bus-tickets/barasat-west-bengal-to-heria
330,Haldia to Barasat (West Bengal),https://www.redbus.in/bus-tickets/haldia-to-barasat-west-bengal
331,Barasat (West Bengal) to Haldia,https://www.redbus.in/bus-tickets/barasat-west-bengal-to-haldia
332,Haldia to Kolkata,https://www.redbus.in/bus-tickets/haldia-to-kolkata
333,Barasat (West Bengal) to Debra,https://www.redbus.in/bus-tickets/barasat-west-bengal-to-debra
334,Barasat (West Bengal) to Burdwan,https://www.redbus.in/bus-tickets/barasat-west-bengal-to-burdwan
335,Kolkata to Bakkhali,https://www.redbus.in/bus-tickets/kolkata-to-bakkhali
336,Kolkata to Purulia,https://www.redbus.in/bus-tickets/kolkata-to-purulia
337,Durgapur (West Bengal) to Purulia,https://www.redbus.in/bus-tickets/durgapur-to-purulia
338,Habra to Midnapore,https://www.redbus.in/bus-tickets/habra-to-midnapore
339,Kolkata to Asansol (West Bengal),https://www.redbus.in/bus-tickets/kolkata-to-asansol
340,Durgapur (West Bengal) to Barasat (West Bengal),https://www.redbus.in/bus-tickets/durgapur-to-barasat-west-bengal
341,Barasat (West Bengal) to Asansol (West Bengal),https://www.redbus.in/bus-tickets/barasat-west-bengal-to-asansol
342,Jayrambati (West Bengal) to Barasat (West Bengal),https://www.redbus.in/bus-tickets/jayrambati-west-bengal-to-barasat-west-bengal
343,Kolkata to Haldia,https://www.redbus.in/bus-tickets/kolkata-to-haldia
344,Habra to Durgapur (West Bengal),https://www.redbus.in/bus-tickets/habra-to-durgapur
345,Habra to Nandakumar (west bengal),https://www.redbus.in/bus-tickets/habra-to-nandakumar
346,Habra to Kolaghat,https://www.redbus.in/bus-tickets/habra-to-kolaghat
347,Kolkata to Mayapur ISKCON,https://www.redbus.in/bus-tickets/kolkata-to-mayapur-iskcon
348,Habra to Heria,https://www.redbus.in/bus-tickets/habra-to-heria
349,Midnapore to Kolkata Airport,https://www.redbus.in/bus-tickets/midnapore-to-kolkata-airport
